--------------------------------------------------------------------------------
-- Section 16e seed content: Equipment Match, Which Laboratory, Hazard Symbol,
-- Odd One Out, Word Scramble.
--
-- All REAL, directly-authored/fact-checked content (standard lab equipment,
-- laboratory classification, SI/derived-unit distinctions, common science
-- vocabulary) -- nothing flagged for review.
--
-- Hazard Symbol uses 9 generic, original sample icons (NOT official GHS
-- pictograms) in public/game-assets/hazard-symbol/, watermarked 'SAMPLE ICON'
-- -- replace with properly licensed official pictograms via Admin > Games any
-- time, same ImageUpload/QuestionForm as every other game type.
--------------------------------------------------------------------------------

insert into public.games (id, name, slug, description, game_type, status, max_attempts_per_user)
values
  ('a1291e6e-569f-4e4e-aefa-263532e6c249', 'Equipment Match', 'equipment-match', null, 'equipment_match', 'active', 3),
    ('79655c75-cd92-4a85-99e2-6509868f5851', 'Which Laboratory', 'which-laboratory', null, 'which_laboratory', 'active', 3),
    ('0cd415d4-5763-4f02-97a8-6c7d7e19da50', 'Hazard Symbol', 'hazard-symbol', null, 'hazard_symbol', 'active', 3),
    ('f0e90621-9694-41a7-a689-d9a91e74932d', 'Odd One Out', 'odd-one-out', null, 'odd_one_out', 'active', 3),
    ('38a8516c-e0c8-4c85-82d6-c9dc63751ca6', 'Word Scramble', 'word-scramble', null, 'word_scramble', 'active', 3)
on conflict (slug) do nothing;


-- Equipment Match: 20 rounds (real lab-equipment/function pairs).
insert into public.game_questions (id, game_id, question_text, question_type, options, correct_answer, points, order_index, time_limit_seconds, category)
values
  ('2bbcc6ee-86e5-464c-8cce-f899216e96a0', 'a1291e6e-569f-4e4e-aefa-263532e6c249', 'Which piece of equipment would you use to measure the precise volume of a liquid?', 'multiple_choice', '[{"id": "a", "text": "Graduated Cylinder"}, {"id": "b", "text": "Beaker"}, {"id": "d", "text": "Petri Dish"}, {"id": "c", "text": "Erlenmeyer Flask"}]'::jsonb, 'a', 10, 1, 20, null),
    ('8ceae7cd-c0f3-4502-88ab-62cd1961d09f', 'a1291e6e-569f-4e4e-aefa-263532e6c249', 'Which piece of equipment would you use to heat a substance directly over an open flame?', 'multiple_choice', '[{"id": "c", "text": "Water Bath"}, {"id": "d", "text": "Autoclave"}, {"id": "a", "text": "Bunsen Burner"}, {"id": "b", "text": "Hot Plate"}]'::jsonb, 'a', 10, 2, 20, null),
    ('c4133b71-df99-437a-a4ef-8a8ef0cbc12e', 'a1291e6e-569f-4e4e-aefa-263532e6c249', 'Which piece of equipment would you use to sterilize instruments using pressurized steam?', 'multiple_choice', '[{"id": "a", "text": "Autoclave"}, {"id": "c", "text": "Centrifuge"}, {"id": "b", "text": "Incubator"}, {"id": "d", "text": "Desiccator"}]'::jsonb, 'a', 10, 3, 20, null),
    ('f2d616c9-5889-44e7-a086-b222aa4088df', 'a1291e6e-569f-4e4e-aefa-263532e6c249', 'Which piece of equipment would you use to separate components of a mixture by spinning it at high speed?', 'multiple_choice', '[{"id": "a", "text": "Centrifuge"}, {"id": "c", "text": "Shaker"}, {"id": "b", "text": "Vortex Mixer"}, {"id": "d", "text": "Rotary Evaporator"}]'::jsonb, 'a', 10, 4, 20, null),
    ('48b83d61-c280-4857-9ef0-c8af630a16f0', 'a1291e6e-569f-4e4e-aefa-263532e6c249', 'Which piece of equipment would you use to culture microbial samples at a controlled temperature?', 'multiple_choice', '[{"id": "c", "text": "Refrigerator"}, {"id": "a", "text": "Incubator"}, {"id": "b", "text": "Autoclave"}, {"id": "d", "text": "Oven"}]'::jsonb, 'a', 10, 5, 20, null),
    ('2bfa2a2c-1d09-453b-ac6b-0de1b6c3d8e5', 'a1291e6e-569f-4e4e-aefa-263532e6c249', 'Which piece of equipment would you use to weigh a sample with high precision?', 'multiple_choice', '[{"id": "d", "text": "Thermometer"}, {"id": "b", "text": "Spring Scale"}, {"id": "a", "text": "Analytical Balance"}, {"id": "c", "text": "Graduated Cylinder"}]'::jsonb, 'a', 10, 6, 20, null),
    ('cf5e22d5-c221-43cd-9750-17ee6ea1cfff', 'a1291e6e-569f-4e4e-aefa-263532e6c249', 'Which piece of equipment would you use to view microscopic structures of a specimen?', 'multiple_choice', '[{"id": "c", "text": "Spectrophotometer"}, {"id": "a", "text": "Microscope"}, {"id": "d", "text": "Colorimeter"}, {"id": "b", "text": "Magnifying Glass"}]'::jsonb, 'a', 10, 7, 20, null),
    ('8b462316-fdf6-4d0b-9155-c53ed6ce9c1b', 'a1291e6e-569f-4e4e-aefa-263532e6c249', 'Which piece of equipment would you use to hold and mix chemicals for a reaction that produces gas?', 'multiple_choice', '[{"id": "c", "text": "Test Tube"}, {"id": "a", "text": "Erlenmeyer Flask"}, {"id": "b", "text": "Beaker"}, {"id": "d", "text": "Petri Dish"}]'::jsonb, 'a', 10, 8, 20, null),
    ('9f970552-9968-4e37-932a-6ea90f611943', 'a1291e6e-569f-4e4e-aefa-263532e6c249', 'Which piece of equipment would you use to transfer a small, precise volume of liquid?', 'multiple_choice', '[{"id": "c", "text": "Beaker"}, {"id": "a", "text": "Pipette"}, {"id": "b", "text": "Burette"}, {"id": "d", "text": "Graduated Cylinder"}]'::jsonb, 'a', 10, 9, 20, null),
    ('ce291964-e9a6-4dd4-a484-5ae446fcc29c', 'a1291e6e-569f-4e4e-aefa-263532e6c249', 'Which piece of equipment would you use to dispense a precise, variable volume of liquid during a titration?', 'multiple_choice', '[{"id": "d", "text": "Erlenmeyer Flask"}, {"id": "b", "text": "Pipette"}, {"id": "a", "text": "Burette"}, {"id": "c", "text": "Graduated Cylinder"}]'::jsonb, 'a', 10, 10, 20, null),
    ('881ef73a-c7fb-42f1-a06c-89f966dc2e8f', 'a1291e6e-569f-4e4e-aefa-263532e6c249', 'Which piece of equipment would you use to grow bacterial colonies on solid agar medium?', 'multiple_choice', '[{"id": "c", "text": "Beaker"}, {"id": "d", "text": "Incubator"}, {"id": "b", "text": "Test Tube"}, {"id": "a", "text": "Petri Dish"}]'::jsonb, 'a', 10, 11, 20, null),
    ('d2943b5a-a605-48ea-9d37-e3cbf96c9f8a', 'a1291e6e-569f-4e4e-aefa-263532e6c249', 'Which piece of equipment would you use to grind and crush solid samples into a fine powder?', 'multiple_choice', '[{"id": "a", "text": "Mortar and Pestle"}, {"id": "d", "text": "Tongs"}, {"id": "c", "text": "Crucible"}, {"id": "b", "text": "Spatula"}]'::jsonb, 'a', 10, 12, 20, null),
    ('f428b56a-7ecd-44bf-a0eb-3879630d2864', 'a1291e6e-569f-4e4e-aefa-263532e6c249', 'Which piece of equipment would you use to hold a test tube securely while heating it?', 'multiple_choice', '[{"id": "c", "text": "Clamp"}, {"id": "a", "text": "Test Tube Holder"}, {"id": "d", "text": "Forceps"}, {"id": "b", "text": "Tongs"}]'::jsonb, 'a', 10, 13, 20, null),
    ('c2b23e86-2fa4-487b-ad3a-a6008455c435', 'a1291e6e-569f-4e4e-aefa-263532e6c249', 'Which piece of equipment would you use to filter solid particles out of a liquid?', 'multiple_choice', '[{"id": "a", "text": "Funnel with Filter Paper"}, {"id": "c", "text": "Sieve"}, {"id": "d", "text": "Centrifuge"}, {"id": "b", "text": "Beaker"}]'::jsonb, 'a', 10, 14, 20, null),
    ('cffdb74c-6646-4700-a7f4-454d8ff42a19', 'a1291e6e-569f-4e4e-aefa-263532e6c249', 'Which piece of equipment would you use to measure the temperature of a solution?', 'multiple_choice', '[{"id": "b", "text": "Barometer"}, {"id": "a", "text": "Thermometer"}, {"id": "c", "text": "Hygrometer"}, {"id": "d", "text": "Manometer"}]'::jsonb, 'a', 10, 15, 20, null),
    ('4661a2f0-1e00-4d4b-865c-ee7dadd1ea2e', 'a1291e6e-569f-4e4e-aefa-263532e6c249', 'Which piece of equipment would you use to keep chemicals free of moisture during storage?', 'multiple_choice', '[{"id": "a", "text": "Desiccator"}, {"id": "c", "text": "Refrigerator"}, {"id": "d", "text": "Fume Hood"}, {"id": "b", "text": "Incubator"}]'::jsonb, 'a', 10, 16, 20, null),
    ('41a234e1-9870-4029-9562-7b5eb472e35b', 'a1291e6e-569f-4e4e-aefa-263532e6c249', 'Which piece of equipment would you use to protect your eyes from chemical splashes?', 'multiple_choice', '[{"id": "c", "text": "Lab Coat"}, {"id": "a", "text": "Safety Goggles"}, {"id": "d", "text": "Gloves"}, {"id": "b", "text": "Face Shield"}]'::jsonb, 'a', 10, 17, 20, null),
    ('e526e6ae-c78c-40b5-883e-572224da3796', 'a1291e6e-569f-4e4e-aefa-263532e6c249', 'Which piece of equipment would you use to work safely with volatile or toxic fumes?', 'multiple_choice', '[{"id": "c", "text": "Glove Box"}, {"id": "d", "text": "Exhaust Fan"}, {"id": "b", "text": "Biosafety Cabinet"}, {"id": "a", "text": "Fume Hood"}]'::jsonb, 'a', 10, 18, 20, null),
    ('cb02f24a-93fa-4e4a-8cfd-510969f37e07', 'a1291e6e-569f-4e4e-aefa-263532e6c249', 'Which piece of equipment would you use to evenly mix a liquid sample using rotational motion?', 'multiple_choice', '[{"id": "d", "text": "Stirrer"}, {"id": "c", "text": "Shaker"}, {"id": "b", "text": "Centrifuge"}, {"id": "a", "text": "Vortex Mixer"}]'::jsonb, 'a', 10, 19, 20, null),
    ('6361ea7a-f1a9-49de-9c36-14458b0cf2f2', 'a1291e6e-569f-4e4e-aefa-263532e6c249', 'Which piece of equipment would you use to measure the pH of a solution electronically?', 'multiple_choice', '[{"id": "a", "text": "pH Meter"}, {"id": "b", "text": "Litmus Paper"}, {"id": "d", "text": "Spectrophotometer"}, {"id": "c", "text": "Colorimeter"}]'::jsonb, 'a', 10, 20, 20, null);

-- Which Laboratory: 15 rounds (real laboratory-type classifications).
insert into public.game_questions (id, game_id, question_text, question_type, options, correct_answer, points, order_index, time_limit_seconds, category)
values
  ('64b1994b-27d2-402c-8c55-e91b571879f6', '79655c75-cd92-4a85-99e2-6509868f5851', 'Testing the tensile strength of a steel sample', 'multiple_choice', '[{"id": "c", "text": "Microbiology Laboratory"}, {"id": "d", "text": "Calibration Laboratory"}, {"id": "a", "text": "Physical Testing Laboratory"}, {"id": "b", "text": "Chemical Testing Laboratory"}]'::jsonb, 'a', 10, 1, 20, null),
    ('f425c011-8f7c-4635-b56b-6d91ae398723', '79655c75-cd92-4a85-99e2-6509868f5851', 'Culturing bacteria from a food sample to check for contamination', 'multiple_choice', '[{"id": "c", "text": "Physical Testing Laboratory"}, {"id": "a", "text": "Microbiology Laboratory"}, {"id": "d", "text": "Shelf-life Testing Laboratory"}, {"id": "b", "text": "Chemical Testing Laboratory"}]'::jsonb, 'a', 10, 2, 20, null),
    ('9fdd4944-d8e8-4a85-a889-a39e426770a8', '79655c75-cd92-4a85-99e2-6509868f5851', 'Verifying that a weighing scale reads accurately against a certified reference mass', 'multiple_choice', '[{"id": "d", "text": "Microbiology Laboratory"}, {"id": "a", "text": "Calibration Laboratory"}, {"id": "b", "text": "Physical Testing Laboratory"}, {"id": "c", "text": "Chemical Testing Laboratory"}]'::jsonb, 'a', 10, 3, 20, null),
    ('a37bc778-f967-456c-9295-1a9c0c4618cc', '79655c75-cd92-4a85-99e2-6509868f5851', 'Determining how long a packaged food product stays safe to eat', 'multiple_choice', '[{"id": "d", "text": "Physical Testing Laboratory"}, {"id": "a", "text": "Shelf-life Testing Laboratory"}, {"id": "c", "text": "Chemical Testing Laboratory"}, {"id": "b", "text": "Microbiology Laboratory"}]'::jsonb, 'a', 10, 4, 20, null),
    ('0f465b8c-f963-4fe6-b4da-c554a5e41929', '79655c75-cd92-4a85-99e2-6509868f5851', 'Analyzing the chemical composition of a water sample', 'multiple_choice', '[{"id": "c", "text": "Physical Testing Laboratory"}, {"id": "d", "text": "Calibration Laboratory"}, {"id": "a", "text": "Chemical Testing Laboratory"}, {"id": "b", "text": "Microbiology Laboratory"}]'::jsonb, 'a', 10, 5, 20, null),
    ('0b0a7729-d8e6-4a9f-801c-70989871706d', '79655c75-cd92-4a85-99e2-6509868f5851', 'Testing how much weight a chair can hold before it breaks', 'multiple_choice', '[{"id": "b", "text": "Physical Testing Laboratory"}, {"id": "c", "text": "Shelf-life Testing Laboratory"}, {"id": "d", "text": "Chemical Testing Laboratory"}, {"id": "a", "text": "Furniture Testing Laboratory"}]'::jsonb, 'a', 10, 6, 20, null),
    ('8d5501df-dd48-4848-af6c-4946c044d323', '79655c75-cd92-4a85-99e2-6509868f5851', 'Measuring the pH and acidity of a chemical solution', 'multiple_choice', '[{"id": "c", "text": "Microbiology Laboratory"}, {"id": "d", "text": "Calibration Laboratory"}, {"id": "a", "text": "Chemical Testing Laboratory"}, {"id": "b", "text": "Physical Testing Laboratory"}]'::jsonb, 'a', 10, 7, 20, null),
    ('235862e5-14f8-47f7-8001-11826c47aec9', '79655c75-cd92-4a85-99e2-6509868f5851', 'Checking if a thermometer''s readings are still accurate', 'multiple_choice', '[{"id": "d", "text": "Shelf-life Testing Laboratory"}, {"id": "a", "text": "Calibration Laboratory"}, {"id": "b", "text": "Physical Testing Laboratory"}, {"id": "c", "text": "Chemical Testing Laboratory"}]'::jsonb, 'a', 10, 8, 20, null),
    ('76388f5e-3ceb-469f-91c3-8b24df7e39b6', '79655c75-cd92-4a85-99e2-6509868f5851', 'Testing the impact resistance of a safety helmet', 'multiple_choice', '[{"id": "c", "text": "Chemical Testing Laboratory"}, {"id": "d", "text": "Microbiology Laboratory"}, {"id": "a", "text": "Physical Testing Laboratory"}, {"id": "b", "text": "Furniture Testing Laboratory"}]'::jsonb, 'a', 10, 9, 20, null),
    ('d4816276-7201-46a7-8612-f85856b979d8', '79655c75-cd92-4a85-99e2-6509868f5851', 'Identifying microbial spoilage in a canned good', 'multiple_choice', '[{"id": "c", "text": "Shelf-life Testing Laboratory"}, {"id": "a", "text": "Microbiology Laboratory"}, {"id": "d", "text": "Physical Testing Laboratory"}, {"id": "b", "text": "Chemical Testing Laboratory"}]'::jsonb, 'a', 10, 10, 20, null),
    ('d8d821f2-813f-4a5b-ada3-69de8f04c974', '79655c75-cd92-4a85-99e2-6509868f5851', 'Determining the shelf life of a cosmetic product through accelerated aging tests', 'multiple_choice', '[{"id": "d", "text": "Physical Testing Laboratory"}, {"id": "a", "text": "Shelf-life Testing Laboratory"}, {"id": "c", "text": "Microbiology Laboratory"}, {"id": "b", "text": "Chemical Testing Laboratory"}]'::jsonb, 'a', 10, 11, 20, null),
    ('e1f977aa-4530-41fc-a7b6-2fdacb2a1dec', '79655c75-cd92-4a85-99e2-6509868f5851', 'Testing the durability of a wooden table''s joints', 'multiple_choice', '[{"id": "b", "text": "Physical Testing Laboratory"}, {"id": "c", "text": "Chemical Testing Laboratory"}, {"id": "d", "text": "Calibration Laboratory"}, {"id": "a", "text": "Furniture Testing Laboratory"}]'::jsonb, 'a', 10, 12, 20, null),
    ('a98d80e8-9e6f-43a9-a328-54b18c54275d', '79655c75-cd92-4a85-99e2-6509868f5851', 'Measuring the exact concentration of a chemical solution using titration', 'multiple_choice', '[{"id": "c", "text": "Calibration Laboratory"}, {"id": "d", "text": "Microbiology Laboratory"}, {"id": "a", "text": "Chemical Testing Laboratory"}, {"id": "b", "text": "Physical Testing Laboratory"}]'::jsonb, 'a', 10, 13, 20, null),
    ('0cf7224f-ad0e-46ff-974d-c49cedf2e9d4', '79655c75-cd92-4a85-99e2-6509868f5851', 'Verifying the accuracy of a laboratory''s volumetric glassware', 'multiple_choice', '[{"id": "d", "text": "Shelf-life Testing Laboratory"}, {"id": "a", "text": "Calibration Laboratory"}, {"id": "b", "text": "Chemical Testing Laboratory"}, {"id": "c", "text": "Physical Testing Laboratory"}]'::jsonb, 'a', 10, 14, 20, null),
    ('2e75c0d0-db7e-407a-a243-90ca71cb2fb5', '79655c75-cd92-4a85-99e2-6509868f5851', 'Testing the flammability of a fabric sample', 'multiple_choice', '[{"id": "c", "text": "Furniture Testing Laboratory"}, {"id": "d", "text": "Microbiology Laboratory"}, {"id": "a", "text": "Physical Testing Laboratory"}, {"id": "b", "text": "Chemical Testing Laboratory"}]'::jsonb, 'a', 10, 15, 20, null);

-- Hazard Symbol: 9 rounds (canonical hazard classes; sample icons -- see header).
insert into public.game_questions (id, game_id, question_text, question_type, correct_answer, points, order_index, time_limit_seconds, category)
values
  ('eaf12033-b56d-40fa-a031-9e5f0c8254e1', '0cd415d4-5763-4f02-97a8-6c7d7e19da50', 'What hazard class does this symbol represent?', 'text', 'Flammable', 10, 1, 15, null),
    ('4955bd7b-67ee-495d-ba34-da2427ffd192', '0cd415d4-5763-4f02-97a8-6c7d7e19da50', 'What hazard class does this symbol represent?', 'text', 'Corrosive', 10, 2, 15, null),
    ('fc23bbb1-2b30-4be4-805c-f6e0e132968a', '0cd415d4-5763-4f02-97a8-6c7d7e19da50', 'What hazard class does this symbol represent?', 'text', 'Toxic', 10, 3, 15, null),
    ('cf8d9c63-fff4-4e10-957f-b53468fc4393', '0cd415d4-5763-4f02-97a8-6c7d7e19da50', 'What hazard class does this symbol represent?', 'text', 'Explosive', 10, 4, 15, null),
    ('6d2b216c-664a-4504-87cd-bcda1e45b91d', '0cd415d4-5763-4f02-97a8-6c7d7e19da50', 'What hazard class does this symbol represent?', 'text', 'Compressed Gas', 10, 5, 15, null),
    ('6d655395-be7a-498b-a65d-891d1e09aab4', '0cd415d4-5763-4f02-97a8-6c7d7e19da50', 'What hazard class does this symbol represent?', 'text', 'Oxidant', 10, 6, 15, null),
    ('c4211879-2b94-4dcf-976c-43ca35b04cc2', '0cd415d4-5763-4f02-97a8-6c7d7e19da50', 'What hazard class does this symbol represent?', 'text', 'Irritant', 10, 7, 15, null),
    ('668fc23b-8d98-40eb-8621-fc5e07582c4e', '0cd415d4-5763-4f02-97a8-6c7d7e19da50', 'What hazard class does this symbol represent?', 'text', 'Health Hazard', 10, 8, 15, null),
    ('fb0b9feb-ac77-40f7-bea9-7143ed2b52a7', '0cd415d4-5763-4f02-97a8-6c7d7e19da50', 'What hazard class does this symbol represent?', 'text', 'Environmental Hazard', 10, 9, 15, null);

insert into public.game_images (game_id, question_id, image_url, image_type)
values
  ('0cd415d4-5763-4f02-97a8-6c7d7e19da50', 'eaf12033-b56d-40fa-a031-9e5f0c8254e1', '/game-assets/hazard-symbol/flammable.png', 'question'),
    ('0cd415d4-5763-4f02-97a8-6c7d7e19da50', '4955bd7b-67ee-495d-ba34-da2427ffd192', '/game-assets/hazard-symbol/corrosive.png', 'question'),
    ('0cd415d4-5763-4f02-97a8-6c7d7e19da50', 'fc23bbb1-2b30-4be4-805c-f6e0e132968a', '/game-assets/hazard-symbol/toxic.png', 'question'),
    ('0cd415d4-5763-4f02-97a8-6c7d7e19da50', 'cf8d9c63-fff4-4e10-957f-b53468fc4393', '/game-assets/hazard-symbol/explosive.png', 'question'),
    ('0cd415d4-5763-4f02-97a8-6c7d7e19da50', '6d2b216c-664a-4504-87cd-bcda1e45b91d', '/game-assets/hazard-symbol/compressed-gas.png', 'question'),
    ('0cd415d4-5763-4f02-97a8-6c7d7e19da50', '6d655395-be7a-498b-a65d-891d1e09aab4', '/game-assets/hazard-symbol/oxidant.png', 'question'),
    ('0cd415d4-5763-4f02-97a8-6c7d7e19da50', 'c4211879-2b94-4dcf-976c-43ca35b04cc2', '/game-assets/hazard-symbol/irritant.png', 'question'),
    ('0cd415d4-5763-4f02-97a8-6c7d7e19da50', '668fc23b-8d98-40eb-8621-fc5e07582c4e', '/game-assets/hazard-symbol/health-hazard.png', 'question'),
    ('0cd415d4-5763-4f02-97a8-6c7d7e19da50', 'fb0b9feb-ac77-40f7-bea9-7143ed2b52a7', '/game-assets/hazard-symbol/environmental-hazard.png', 'question');

-- Odd One Out: 15 rounds (real categorical groupings).
insert into public.game_questions (id, game_id, question_text, question_type, options, correct_answer, points, order_index, time_limit_seconds, category)
values
  ('47731fb0-80d3-4e2b-ac2b-d1b1754e94a9', 'f0e90621-9694-41a7-a689-d9a91e74932d', 'Beaker, Erlenmeyer Flask, Graduated Cylinder, Bunsen Burner -- which one doesn''t belong?', 'multiple_choice', '[{"id": "c", "text": "Erlenmeyer Flask"}, {"id": "d", "text": "Graduated Cylinder"}, {"id": "a", "text": "Bunsen Burner"}, {"id": "b", "text": "Beaker"}]'::jsonb, 'a', 10, 1, 20, null),
    ('21032b05-f2b4-424b-ae18-e45e4f4de23b', 'f0e90621-9694-41a7-a689-d9a91e74932d', 'Oxygen, Nitrogen, Carbon Dioxide, Mercury -- which one doesn''t belong?', 'multiple_choice', '[{"id": "b", "text": "Oxygen"}, {"id": "c", "text": "Nitrogen"}, {"id": "d", "text": "Carbon Dioxide"}, {"id": "a", "text": "Mercury"}]'::jsonb, 'a', 10, 2, 20, null),
    ('cd560b75-aaca-444c-b204-beaa07d8219d', 'f0e90621-9694-41a7-a689-d9a91e74932d', 'Meter, Second, Kilogram, Liter -- which one doesn''t belong?', 'multiple_choice', '[{"id": "d", "text": "Kilogram"}, {"id": "b", "text": "Meter"}, {"id": "a", "text": "Liter"}, {"id": "c", "text": "Second"}]'::jsonb, 'a', 10, 3, 20, null),
    ('5174910f-6a0c-47d2-b7d0-391ed3bb402c', 'f0e90621-9694-41a7-a689-d9a91e74932d', 'Microscope, Petri Dish, Incubator, Analytical Balance -- which one doesn''t belong?', 'multiple_choice', '[{"id": "d", "text": "Incubator"}, {"id": "b", "text": "Microscope"}, {"id": "a", "text": "Analytical Balance"}, {"id": "c", "text": "Petri Dish"}]'::jsonb, 'a', 10, 4, 20, null),
    ('5a88c382-7b5e-46bf-9643-65fd4d495074', 'f0e90621-9694-41a7-a689-d9a91e74932d', 'Flammable, Corrosive, Toxic, Fragile -- which one doesn''t belong?', 'multiple_choice', '[{"id": "c", "text": "Corrosive"}, {"id": "a", "text": "Fragile"}, {"id": "b", "text": "Flammable"}, {"id": "d", "text": "Toxic"}]'::jsonb, 'a', 10, 5, 20, null),
    ('859006b2-24ea-42a7-b372-a79d905784d9', 'f0e90621-9694-41a7-a689-d9a91e74932d', 'Thermometer, Barometer, Hygrometer, Pipette -- which one doesn''t belong?', 'multiple_choice', '[{"id": "c", "text": "Barometer"}, {"id": "a", "text": "Pipette"}, {"id": "b", "text": "Thermometer"}, {"id": "d", "text": "Hygrometer"}]'::jsonb, 'a', 10, 6, 20, null),
    ('3f24dc02-8e0e-4187-bf7b-003a3e8e00d3', 'f0e90621-9694-41a7-a689-d9a91e74932d', 'Gold, Silver, Copper, Oxygen -- which one doesn''t belong?', 'multiple_choice', '[{"id": "d", "text": "Copper"}, {"id": "a", "text": "Oxygen"}, {"id": "b", "text": "Gold"}, {"id": "c", "text": "Silver"}]'::jsonb, 'a', 10, 7, 20, null),
    ('5a5db693-f41d-4a15-bbab-04a74490c5f1', 'f0e90621-9694-41a7-a689-d9a91e74932d', 'Solid, Liquid, Gas, Density -- which one doesn''t belong?', 'multiple_choice', '[{"id": "d", "text": "Gas"}, {"id": "b", "text": "Solid"}, {"id": "c", "text": "Liquid"}, {"id": "a", "text": "Density"}]'::jsonb, 'a', 10, 8, 20, null),
    ('10d2b8ac-e048-4c25-9453-a8829911c46d', 'f0e90621-9694-41a7-a689-d9a91e74932d', 'DOST, DTI, FDA, Autoclave -- which one doesn''t belong?', 'multiple_choice', '[{"id": "a", "text": "Autoclave"}, {"id": "c", "text": "DTI"}, {"id": "b", "text": "DOST"}, {"id": "d", "text": "FDA"}]'::jsonb, 'a', 10, 9, 20, null),
    ('3707722c-55ad-4352-8575-e4e1a2834548', 'f0e90621-9694-41a7-a689-d9a91e74932d', 'Vortex Mixer, Centrifuge, Shaker, Desiccator -- which one doesn''t belong?', 'multiple_choice', '[{"id": "a", "text": "Desiccator"}, {"id": "c", "text": "Centrifuge"}, {"id": "d", "text": "Shaker"}, {"id": "b", "text": "Vortex Mixer"}]'::jsonb, 'a', 10, 10, 20, null),
    ('92aaf195-aa68-4f36-8885-2f15faacf5ea', 'f0e90621-9694-41a7-a689-d9a91e74932d', 'Explosive, Oxidant, Irritant, Sterile -- which one doesn''t belong?', 'multiple_choice', '[{"id": "a", "text": "Sterile"}, {"id": "b", "text": "Explosive"}, {"id": "c", "text": "Oxidant"}, {"id": "d", "text": "Irritant"}]'::jsonb, 'a', 10, 11, 20, null),
    ('9362be36-1ca8-4801-a833-27c4c5887b8c', 'f0e90621-9694-41a7-a689-d9a91e74932d', 'Chair, Table, Autoclave, Cabinet -- which one doesn''t belong?', 'multiple_choice', '[{"id": "a", "text": "Autoclave"}, {"id": "c", "text": "Table"}, {"id": "b", "text": "Chair"}, {"id": "d", "text": "Cabinet"}]'::jsonb, 'a', 10, 12, 20, null),
    ('73a6b38d-624d-4fd3-a58c-ad249a18ae74', 'f0e90621-9694-41a7-a689-d9a91e74932d', 'Celsius, Fahrenheit, Kelvin, Newton -- which one doesn''t belong?', 'multiple_choice', '[{"id": "a", "text": "Newton"}, {"id": "d", "text": "Kelvin"}, {"id": "c", "text": "Fahrenheit"}, {"id": "b", "text": "Celsius"}]'::jsonb, 'a', 10, 13, 20, null),
    ('f42f97a6-27e0-4ead-9670-d64228dff1c1', 'f0e90621-9694-41a7-a689-d9a91e74932d', 'Acid, Base, Neutral, Volatile -- which one doesn''t belong?', 'multiple_choice', '[{"id": "d", "text": "Neutral"}, {"id": "c", "text": "Base"}, {"id": "b", "text": "Acid"}, {"id": "a", "text": "Volatile"}]'::jsonb, 'a', 10, 14, 20, null),
    ('3020bec9-3013-40f0-b050-5df9615db4d7', 'f0e90621-9694-41a7-a689-d9a91e74932d', 'Analytical Balance, pH Meter, Spectrophotometer, Tongs -- which one doesn''t belong?', 'multiple_choice', '[{"id": "a", "text": "Tongs"}, {"id": "d", "text": "Spectrophotometer"}, {"id": "b", "text": "Analytical Balance"}, {"id": "c", "text": "pH Meter"}]'::jsonb, 'a', 10, 15, 20, null);

-- Word Scramble: 20 rounds (real science vocabulary, unscramble the term).
insert into public.game_questions (id, game_id, question_text, question_type, correct_answer, points, order_index, time_limit_seconds, category)
values
  ('54775d94-cc39-4995-b535-a43721c81d35', '38a8516c-e0c8-4c85-82d6-c9dc63751ca6', 'BAERKE', 'text', 'BEAKER', 10, 1, 25, null),
    ('3617b306-7fd3-490b-808d-817c65845df3', '38a8516c-e0c8-4c85-82d6-c9dc63751ca6', 'EIPETPT', 'text', 'PIPETTE', 10, 2, 25, null),
    ('555236d5-2926-4c09-b3eb-472ccdeb8f81', '38a8516c-e0c8-4c85-82d6-c9dc63751ca6', 'NERBUR', 'text', 'BURNER', 10, 3, 25, null),
    ('75054f58-f17c-4945-8003-17af245a026b', '38a8516c-e0c8-4c85-82d6-c9dc63751ca6', 'AKFSL', 'text', 'FLASK', 10, 4, 25, null),
    ('532c4ff1-758b-43ba-b1e8-d4c222009e37', '38a8516c-e0c8-4c85-82d6-c9dc63751ca6', 'GCTFEIERNU', 'text', 'CENTRIFUGE', 10, 5, 25, null),
    ('8d999758-fdc6-47fc-83b1-3d54b08103e2', '38a8516c-e0c8-4c85-82d6-c9dc63751ca6', 'OSCIOCPERM', 'text', 'MICROSCOPE', 10, 6, 25, null),
    ('3d83fe22-7c07-412c-82ff-38b652753008', '38a8516c-e0c8-4c85-82d6-c9dc63751ca6', 'MRTHEEMRTEO', 'text', 'THERMOMETER', 10, 7, 25, null),
    ('30cb7f89-7c9d-4685-96cf-7ea886987573', '38a8516c-e0c8-4c85-82d6-c9dc63751ca6', 'BOTCANRUI', 'text', 'INCUBATOR', 10, 8, 25, null),
    ('e05f8e33-b531-47e1-b248-3683281bea35', '38a8516c-e0c8-4c85-82d6-c9dc63751ca6', 'ELAUOATVC', 'text', 'AUTOCLAVE', 10, 9, 25, null),
    ('71850f95-4c93-4b44-936b-d748b6604677', '38a8516c-e0c8-4c85-82d6-c9dc63751ca6', 'TCSYLTAA', 'text', 'CATALYST', 10, 10, 25, null),
    ('a7e592b8-52f2-49cd-a011-cd708cb657ba', '38a8516c-e0c8-4c85-82d6-c9dc63751ca6', 'OCUEMLLE', 'text', 'MOLECULE', 10, 11, 25, null),
    ('458d9a82-89f8-4c6f-822a-c4a600a895c6', '38a8516c-e0c8-4c85-82d6-c9dc63751ca6', 'EMTELEN', 'text', 'ELEMENT', 10, 12, 25, null),
    ('6ec49a7c-2b43-4c1e-a387-3ff6f1bf15d2', '38a8516c-e0c8-4c85-82d6-c9dc63751ca6', 'MOUDOPNC', 'text', 'COMPOUND', 10, 13, 25, null),
    ('c064caf9-83ac-41aa-8d11-c9148afffe40', '38a8516c-e0c8-4c85-82d6-c9dc63751ca6', 'SIULNTOO', 'text', 'SOLUTION', 10, 14, 25, null),
    ('35167b03-1467-436d-9d9d-6f0f8606cb2b', '38a8516c-e0c8-4c85-82d6-c9dc63751ca6', 'RTOINCAE', 'text', 'REACTION', 10, 15, 25, null),
    ('c0948790-17df-4f11-a919-6eeaeef97ae4', '38a8516c-e0c8-4c85-82d6-c9dc63751ca6', 'ESPURRSE', 'text', 'PRESSURE', 10, 16, 25, null),
    ('4df4e093-986f-4249-8758-2d3baad6ab39', '38a8516c-e0c8-4c85-82d6-c9dc63751ca6', 'TEINDSY', 'text', 'DENSITY', 10, 17, 25, null),
    ('d638d720-a17b-420a-852d-c3b1bf634f34', '38a8516c-e0c8-4c85-82d6-c9dc63751ca6', 'VLUOME', 'text', 'VOLUME', 10, 18, 25, null),
    ('f6bcf73f-11f7-4c1a-9919-b04c3eb25f11', '38a8516c-e0c8-4c85-82d6-c9dc63751ca6', 'ZMNEEY', 'text', 'ENZYME', 10, 19, 25, null),
    ('a85837e6-99bc-4734-a8cc-72bf19c9db57', '38a8516c-e0c8-4c85-82d6-c9dc63751ca6', 'CAIRABET', 'text', 'BACTERIA', 10, 20, 25, null);
